Model,Accuracy,Precision,Recall,F1 Score
Random Forest,0.945737855178735,0.30828739887563417,0.5912655971479501,0.4039079140255611
Gradient Boosting,0.9055912007332723,0.21818388052948748,0.7807486631016042,0.3402725422880698
MLP,0.9415215398716773,0.24607511781362473,0.43672014260249553,0.31269785472340894
Bagging,0.9422548120989918,0.27118215252381245,0.5083778966131908,0.35228611725378656
Decision Tree,0.9244729605866178,0.1902090413334791,0.448663101604278,0.266914557549471
